﻿<?xml version="1.0" encoding="utf-8"?><DEFECTS><DEFECT>
    <SFA>
      <FILEPATH>C:\Users\Lost\Documents\SNHU\CS-330\OpenGLSample\OpenGLSample\</FILEPATH>
      <FILENAME>stb_image.h</FILENAME>
      <LINE>1775</LINE>
      <COLUMN>41</COLUMN>
    </SFA>
    <DEFECTCODE>26451</DEFECTCODE>
    <DESCRIPTION>Arithmetic overflow: Using operator '*' on a 4 byte value and then casting the result to a 8 byte value. Cast the value to the wider type before calling operator '*' to avoid overflow (io.2).</DESCRIPTION>
    <FUNCTION>stbi__hdr_to_ldr</FUNCTION>
    <DECORATED>?stbi__hdr_to_ldr@@YAPAEPAMHHH@Z</DECORATED>
    <FUNCLINE>1764</FUNCLINE>
    <PATH></PATH>
  </DEFECT><DEFECT>
    <SFA>
      <FILEPATH>C:\Users\Lost\Documents\SNHU\CS-330\OpenGLSample\OpenGLSample\</FILEPATH>
      <FILENAME>stb_image.h</FILENAME>
      <LINE>3876</LINE>
      <COLUMN>47</COLUMN>
    </SFA>
    <DEFECTCODE>6011</DEFECTCODE>
    <DESCRIPTION>Dereferencing NULL pointer 'y'. </DESCRIPTION>
    <FUNCTION>load_jpeg_image</FUNCTION>
    <DECORATED>?load_jpeg_image@@YAPAEPAUstbi__jpeg@@PAH11H@Z</DECORATED>
    <FUNCLINE>3722</FUNCLINE>
    <PROBABILITY>1</PROBABILITY>
    <RANK>4</RANK>
    <CATEGORY>
      <RULECATEGORY>mspft</RULECATEGORY>
    </CATEGORY>
    <PATH>
      <SFA>
        <FILEPATH>C:\Users\Lost\Documents\SNHU\CS-330\OpenGLSample\OpenGLSample\</FILEPATH>
        <FILENAME>stb_image.h</FILENAME>
        <LINE>3724</LINE>
        <COLUMN>5</COLUMN>
      </SFA>
      <SFA>
        <FILEPATH>C:\Users\Lost\Documents\SNHU\CS-330\OpenGLSample\OpenGLSample\</FILEPATH>
        <FILENAME>stb_image.h</FILENAME>
        <LINE>3724</LINE>
        <COLUMN>8</COLUMN>
      </SFA>
      <SFA>
        <FILEPATH>C:\Users\Lost\Documents\SNHU\CS-330\OpenGLSample\OpenGLSample\</FILEPATH>
        <FILENAME>stb_image.h</FILENAME>
        <LINE>3724</LINE>
        <COLUMN>18</COLUMN>
      </SFA>
      <SFA>
        <FILEPATH>C:\Users\Lost\Documents\SNHU\CS-330\OpenGLSample\OpenGLSample\</FILEPATH>
        <FILENAME>stb_image.h</FILENAME>
        <LINE>3725</LINE>
        <COLUMN>13</COLUMN>
      </SFA>
      <SFA>
        <FILEPATH>C:\Users\Lost\Documents\SNHU\CS-330\OpenGLSample\OpenGLSample\</FILEPATH>
        <FILENAME>stb_image.h</FILENAME>
        <LINE>3728</LINE>
        <COLUMN>18</COLUMN>
      </SFA>
      <SFA>
        <FILEPATH>C:\Users\Lost\Documents\SNHU\CS-330\OpenGLSample\OpenGLSample\</FILEPATH>
        <FILENAME>stb_image.h</FILENAME>
        <LINE>3731</LINE>
        <COLUMN>5</COLUMN>
      </SFA>
      <SFA>
        <FILEPATH>C:\Users\Lost\Documents\SNHU\CS-330\OpenGLSample\OpenGLSample\</FILEPATH>
        <FILENAME>stb_image.h</FILENAME>
        <LINE>3734</LINE>
        <COLUMN>3</COLUMN>
      </SFA>
      <SFA>
        <FILEPATH>C:\Users\Lost\Documents\SNHU\CS-330\OpenGLSample\OpenGLSample\</FILEPATH>
        <FILENAME>stb_image.h</FILENAME>
        <LINE>3736</LINE>
        <COLUMN>8</COLUMN>
      </SFA>
      <SFA>
        <FILEPATH>C:\Users\Lost\Documents\SNHU\CS-330\OpenGLSample\OpenGLSample\</FILEPATH>
        <FILENAME>stb_image.h</FILENAME>
        <LINE>3738</LINE>
        <COLUMN>31</COLUMN>
      </SFA>
      <SFA>
        <FILEPATH>C:\Users\Lost\Documents\SNHU\CS-330\OpenGLSample\OpenGLSample\</FILEPATH>
        <FILENAME>stb_image.h</FILENAME>
        <LINE>3741</LINE>
        <COLUMN>11</COLUMN>
      </SFA>
      <SFA>
        <FILEPATH>C:\Users\Lost\Documents\SNHU\CS-330\OpenGLSample\OpenGLSample\</FILEPATH>
        <FILENAME>stb_image.h</FILENAME>
        <LINE>3745</LINE>
        <COLUMN>6</COLUMN>
      </SFA>
      <SFA>
        <FILEPATH>C:\Users\Lost\Documents\SNHU\CS-330\OpenGLSample\OpenGLSample\</FILEPATH>
        <FILENAME>stb_image.h</FILENAME>
        <LINE>3746</LINE>
        <COLUMN>15</COLUMN>
      </SFA>
      <SFA>
        <FILEPATH>C:\Users\Lost\Documents\SNHU\CS-330\OpenGLSample\OpenGLSample\</FILEPATH>
        <FILENAME>stb_image.h</FILENAME>
        <LINE>3746</LINE>
        <COLUMN>18</COLUMN>
      </SFA>
      <SFA>
        <FILEPATH>C:\Users\Lost\Documents\SNHU\CS-330\OpenGLSample\OpenGLSample\</FILEPATH>
        <FILENAME>stb_image.h</FILENAME>
        <LINE>3747</LINE>
        <COLUMN>11</COLUMN>
      </SFA>
      <SFA>
        <FILEPATH>C:\Users\Lost\Documents\SNHU\CS-330\OpenGLSample\OpenGLSample\</FILEPATH>
        <FILENAME>stb_image.h</FILENAME>
        <LINE>3748</LINE>
        <COLUMN>10</COLUMN>
      </SFA>
      <SFA>
        <FILEPATH>C:\Users\Lost\Documents\SNHU\CS-330\OpenGLSample\OpenGLSample\</FILEPATH>
        <FILENAME>stb_image.h</FILENAME>
        <LINE>3750</LINE>
        <COLUMN>17</COLUMN>
      </SFA>
      <SFA>
        <FILEPATH>C:\Users\Lost\Documents\SNHU\CS-330\OpenGLSample\OpenGLSample\</FILEPATH>
        <FILENAME>stb_image.h</FILENAME>
        <LINE>3752</LINE>
        <COLUMN>9</COLUMN>
      </SFA>
      <SFA>
        <FILEPATH>C:\Users\Lost\Documents\SNHU\CS-330\OpenGLSample\OpenGLSample\</FILEPATH>
        <FILENAME>stb_image.h</FILENAME>
        <LINE>3752</LINE>
        <COLUMN>16</COLUMN>
      </SFA>
      <SFA>
        <FILEPATH>C:\Users\Lost\Documents\SNHU\CS-330\OpenGLSample\OpenGLSample\</FILEPATH>
        <FILENAME>stb_image.h</FILENAME>
        <LINE>3775</LINE>
        <COLUMN>9</COLUMN>
      </SFA>
      <SFA>
        <FILEPATH>C:\Users\Lost\Documents\SNHU\CS-330\OpenGLSample\OpenGLSample\</FILEPATH>
        <FILENAME>stb_image.h</FILENAME>
        <LINE>3776</LINE>
        <COLUMN>6</COLUMN>
      </SFA>
      <SFA>
        <FILEPATH>C:\Users\Lost\Documents\SNHU\CS-330\OpenGLSample\OpenGLSample\</FILEPATH>
        <FILENAME>stb_image.h</FILENAME>
        <LINE>3779</LINE>
        <COLUMN>9</COLUMN>
      </SFA>
      <SFA>
        <FILEPATH>C:\Users\Lost\Documents\SNHU\CS-330\OpenGLSample\OpenGLSample\</FILEPATH>
        <FILENAME>stb_image.h</FILENAME>
        <LINE>3779</LINE>
        <COLUMN>16</COLUMN>
      </SFA>
      <SFA>
        <FILEPATH>C:\Users\Lost\Documents\SNHU\CS-330\OpenGLSample\OpenGLSample\</FILEPATH>
        <FILENAME>stb_image.h</FILENAME>
        <LINE>3780</LINE>
        <COLUMN>11</COLUMN>
      </SFA>
      <SFA>
        <FILEPATH>C:\Users\Lost\Documents\SNHU\CS-330\OpenGLSample\OpenGLSample\</FILEPATH>
        <FILENAME>stb_image.h</FILENAME>
        <LINE>3781</LINE>
        <COLUMN>10</COLUMN>
      </SFA>
      <SFA>
        <FILEPATH>C:\Users\Lost\Documents\SNHU\CS-330\OpenGLSample\OpenGLSample\</FILEPATH>
        <FILENAME>stb_image.h</FILENAME>
        <LINE>3781</LINE>
        <COLUMN>17</COLUMN>
      </SFA>
      <SFA>
        <FILEPATH>C:\Users\Lost\Documents\SNHU\CS-330\OpenGLSample\OpenGLSample\</FILEPATH>
        <FILENAME>stb_image.h</FILENAME>
        <LINE>3795</LINE>
        <COLUMN>9</COLUMN>
      </SFA>
      <SFA>
        <FILEPATH>C:\Users\Lost\Documents\SNHU\CS-330\OpenGLSample\OpenGLSample\</FILEPATH>
        <FILENAME>stb_image.h</FILENAME>
        <LINE>3844</LINE>
        <COLUMN>8</COLUMN>
      </SFA>
      <SFA>
        <FILEPATH>C:\Users\Lost\Documents\SNHU\CS-330\OpenGLSample\OpenGLSample\</FILEPATH>
        <FILENAME>stb_image.h</FILENAME>
        <LINE>3855</LINE>
        <COLUMN>30</COLUMN>
      </SFA>
      <SFA>
        <FILEPATH>C:\Users\Lost\Documents\SNHU\CS-330\OpenGLSample\OpenGLSample\</FILEPATH>
        <FILENAME>stb_image.h</FILENAME>
        <LINE>3866</LINE>
        <COLUMN>30</COLUMN>
      </SFA>
      <SFA>
        <FILEPATH>C:\Users\Lost\Documents\SNHU\CS-330\OpenGLSample\OpenGLSample\</FILEPATH>
        <FILENAME>stb_image.h</FILENAME>
        <LINE>3874</LINE>
        <COLUMN>13</COLUMN>
        <KEYEVENT>
          <ID>1</ID>
          <KIND>declaration</KIND>
          <IMPORTANCE>Essential</IMPORTANCE>
          <MESSAGE>'y' may be NULL</MESSAGE>
        </KEYEVENT>
      </SFA>
      <SFA>
        <FILEPATH>C:\Users\Lost\Documents\SNHU\CS-330\OpenGLSample\OpenGLSample\</FILEPATH>
        <FILENAME>stb_image.h</FILENAME>
        <LINE>3875</LINE>
        <COLUMN>11</COLUMN>
        <KEYEVENT>
          <ID>2</ID>
          <KIND>branch</KIND>
          <IMPORTANCE>Full</IMPORTANCE>
          <MESSAGE>Enter this branch, (assume 'n==1')</MESSAGE>
        </KEYEVENT>
      </SFA>
      <SFA>
        <FILEPATH>C:\Users\Lost\Documents\SNHU\CS-330\OpenGLSample\OpenGLSample\</FILEPATH>
        <FILENAME>stb_image.h</FILENAME>
        <LINE>3876</LINE>
        <COLUMN>13</COLUMN>
      </SFA>
      <SFA>
        <FILEPATH>C:\Users\Lost\Documents\SNHU\CS-330\OpenGLSample\OpenGLSample\</FILEPATH>
        <FILENAME>stb_image.h</FILENAME>
        <LINE>3876</LINE>
        <COLUMN>20</COLUMN>
        <KEYEVENT>
          <ID>3</ID>
          <KIND>branch</KIND>
          <IMPORTANCE>Full</IMPORTANCE>
          <MESSAGE>Enter this loop, (assume 'i&lt;z-&gt;s-&gt;img_x')</MESSAGE>
        </KEYEVENT>
      </SFA>
      <SFA>
        <FILEPATH>C:\Users\Lost\Documents\SNHU\CS-330\OpenGLSample\OpenGLSample\</FILEPATH>
        <FILENAME>stb_image.h</FILENAME>
        <LINE>3876</LINE>
        <COLUMN>47</COLUMN>
        <KEYEVENT>
          <ID>4</ID>
          <KIND>usage</KIND>
          <IMPORTANCE>Essential</IMPORTANCE>
          <MESSAGE>'y' is dereferenced, but may still be NULL</MESSAGE>
        </KEYEVENT>
      </SFA>
    </PATH>
  </DEFECT><DEFECT>
    <SFA>
      <FILEPATH>C:\Users\Lost\Documents\SNHU\CS-330\OpenGLSample\OpenGLSample\</FILEPATH>
      <FILENAME>stb_image.h</FILENAME>
      <LINE>6791</LINE>
      <COLUMN>22</COLUMN>
    </SFA>
    <DEFECTCODE>6308</DEFECTCODE>
    <DESCRIPTION>'realloc' might return null pointer: assigning null pointer to '*delays', which is passed as an argument to 'realloc', will cause the original memory block to be leaked.</DESCRIPTION>
    <FUNCTION>stbi__load_gif_main</FUNCTION>
    <DECORATED>?stbi__load_gif_main@@YAPAXPAUstbi__context@@PAPAHPAH222H@Z</DECORATED>
    <FUNCLINE>6756</FUNCLINE>
    <PATH></PATH>
  </DEFECT><DEFECT>
    <SFA>
      <FILEPATH>C:\Users\Lost\Documents\SNHU\CS-330\OpenGLSample\OpenGLSample\</FILEPATH>
      <FILENAME>stb_image.h</FILENAME>
      <LINE>6756</LINE>
      <COLUMN>13</COLUMN>
    </SFA>
    <DEFECTCODE>6262</DEFECTCODE>
    <DESCRIPTION>Function uses '34956' bytes of stack:  exceeds /analyze:stacksize '16384'.  Consider moving some data to heap.</DESCRIPTION>
    <FUNCTION>stbi__load_gif_main</FUNCTION>
    <DECORATED>?stbi__load_gif_main@@YAPAXPAUstbi__context@@PAPAHPAH222H@Z</DECORATED>
    <FUNCLINE>6756</FUNCLINE>
    <PATH></PATH>
  </DEFECT><DEFECT>
    <SFA>
      <FILEPATH>C:\Users\Lost\Documents\SNHU\CS-330\OpenGLSample\OpenGLSample\</FILEPATH>
      <FILENAME>stb_image.h</FILENAME>
      <LINE>6806</LINE>
      <COLUMN>28</COLUMN>
    </SFA>
    <DEFECTCODE>28182</DEFECTCODE>
    <DESCRIPTION>Dereferencing NULL pointer. '*delays' contains the same NULL value as 'realloc()`6791' did. </DESCRIPTION>
    <FUNCTION>stbi__load_gif_main</FUNCTION>
    <DECORATED>?stbi__load_gif_main@@YAPAXPAUstbi__context@@PAPAHPAH222H@Z</DECORATED>
    <FUNCLINE>6756</FUNCLINE>
    <PROBABILITY>1</PROBABILITY>
    <RANK>3</RANK>
    <CATEGORY>
      <RULECATEGORY>mspft</RULECATEGORY>
    </CATEGORY>
    <PATH>
      <SFA>
        <FILEPATH>C:\Users\Lost\Documents\SNHU\CS-330\OpenGLSample\OpenGLSample\</FILEPATH>
        <FILENAME>stb_image.h</FILENAME>
        <LINE>6758</LINE>
        <COLUMN>19</COLUMN>
      </SFA>
      <SFA>
        <FILEPATH>C:\Users\Lost\Documents\SNHU\CS-330\OpenGLSample\OpenGLSample\</FILEPATH>
        <FILENAME>stb_image.h</FILENAME>
        <LINE>6759</LINE>
        <COLUMN>6</COLUMN>
      </SFA>
      <SFA>
        <FILEPATH>C:\Users\Lost\Documents\SNHU\CS-330\OpenGLSample\OpenGLSample\</FILEPATH>
        <FILENAME>stb_image.h</FILENAME>
        <LINE>6760</LINE>
        <COLUMN>10</COLUMN>
      </SFA>
      <SFA>
        <FILEPATH>C:\Users\Lost\Documents\SNHU\CS-330\OpenGLSample\OpenGLSample\</FILEPATH>
        <FILENAME>stb_image.h</FILENAME>
        <LINE>6761</LINE>
        <COLUMN>10</COLUMN>
      </SFA>
      <SFA>
        <FILEPATH>C:\Users\Lost\Documents\SNHU\CS-330\OpenGLSample\OpenGLSample\</FILEPATH>
        <FILENAME>stb_image.h</FILENAME>
        <LINE>6762</LINE>
        <COLUMN>10</COLUMN>
      </SFA>
      <SFA>
        <FILEPATH>C:\Users\Lost\Documents\SNHU\CS-330\OpenGLSample\OpenGLSample\</FILEPATH>
        <FILENAME>stb_image.h</FILENAME>
        <LINE>6763</LINE>
        <COLUMN>12</COLUMN>
      </SFA>
      <SFA>
        <FILEPATH>C:\Users\Lost\Documents\SNHU\CS-330\OpenGLSample\OpenGLSample\</FILEPATH>
        <FILENAME>stb_image.h</FILENAME>
        <LINE>6764</LINE>
        <COLUMN>6</COLUMN>
      </SFA>
      <SFA>
        <FILEPATH>C:\Users\Lost\Documents\SNHU\CS-330\OpenGLSample\OpenGLSample\</FILEPATH>
        <FILENAME>stb_image.h</FILENAME>
        <LINE>6765</LINE>
        <COLUMN>8</COLUMN>
      </SFA>
      <SFA>
        <FILEPATH>C:\Users\Lost\Documents\SNHU\CS-330\OpenGLSample\OpenGLSample\</FILEPATH>
        <FILENAME>stb_image.h</FILENAME>
        <LINE>6766</LINE>
        <COLUMN>6</COLUMN>
      </SFA>
      <SFA>
        <FILEPATH>C:\Users\Lost\Documents\SNHU\CS-330\OpenGLSample\OpenGLSample\</FILEPATH>
        <FILENAME>stb_image.h</FILENAME>
        <LINE>6767</LINE>
        <COLUMN>11</COLUMN>
      </SFA>
      <SFA>
        <FILEPATH>C:\Users\Lost\Documents\SNHU\CS-330\OpenGLSample\OpenGLSample\</FILEPATH>
        <FILENAME>stb_image.h</FILENAME>
        <LINE>6771</LINE>
        <COLUMN>5</COLUMN>
      </SFA>
      <SFA>
        <FILEPATH>C:\Users\Lost\Documents\SNHU\CS-330\OpenGLSample\OpenGLSample\</FILEPATH>
        <FILENAME>stb_image.h</FILENAME>
        <LINE>6772</LINE>
        <COLUMN>9</COLUMN>
      </SFA>
      <SFA>
        <FILEPATH>C:\Users\Lost\Documents\SNHU\CS-330\OpenGLSample\OpenGLSample\</FILEPATH>
        <FILENAME>stb_image.h</FILENAME>
        <LINE>6774</LINE>
        <COLUMN>7</COLUMN>
      </SFA>
      <SFA>
        <FILEPATH>C:\Users\Lost\Documents\SNHU\CS-330\OpenGLSample\OpenGLSample\</FILEPATH>
        <FILENAME>stb_image.h</FILENAME>
        <LINE>6775</LINE>
        <COLUMN>7</COLUMN>
      </SFA>
      <SFA>
        <FILEPATH>C:\Users\Lost\Documents\SNHU\CS-330\OpenGLSample\OpenGLSample\</FILEPATH>
        <FILENAME>stb_image.h</FILENAME>
        <LINE>6776</LINE>
        <COLUMN>7</COLUMN>
      </SFA>
      <SFA>
        <FILEPATH>C:\Users\Lost\Documents\SNHU\CS-330\OpenGLSample\OpenGLSample\</FILEPATH>
        <FILENAME>stb_image.h</FILENAME>
        <LINE>6777</LINE>
        <COLUMN>4</COLUMN>
      </SFA>
      <SFA>
        <FILEPATH>C:\Users\Lost\Documents\SNHU\CS-330\OpenGLSample\OpenGLSample\</FILEPATH>
        <FILENAME>stb_image.h</FILENAME>
        <LINE>6778</LINE>
        <COLUMN>11</COLUMN>
      </SFA>
      <SFA>
        <FILEPATH>C:\Users\Lost\Documents\SNHU\CS-330\OpenGLSample\OpenGLSample\</FILEPATH>
        <FILENAME>stb_image.h</FILENAME>
        <LINE>6780</LINE>
        <COLUMN>8</COLUMN>
      </SFA>
      <SFA>
        <FILEPATH>C:\Users\Lost\Documents\SNHU\CS-330\OpenGLSample\OpenGLSample\</FILEPATH>
        <FILENAME>stb_image.h</FILENAME>
        <LINE>6795</LINE>
        <COLUMN>9</COLUMN>
      </SFA>
      <SFA>
        <FILEPATH>C:\Users\Lost\Documents\SNHU\CS-330\OpenGLSample\OpenGLSample\</FILEPATH>
        <FILENAME>stb_image.h</FILENAME>
        <LINE>6796</LINE>
        <COLUMN>9</COLUMN>
      </SFA>
      <SFA>
        <FILEPATH>C:\Users\Lost\Documents\SNHU\CS-330\OpenGLSample\OpenGLSample\</FILEPATH>
        <FILENAME>stb_image.h</FILENAME>
        <LINE>6797</LINE>
        <COLUMN>14</COLUMN>
      </SFA>
      <SFA>
        <FILEPATH>C:\Users\Lost\Documents\SNHU\CS-330\OpenGLSample\OpenGLSample\</FILEPATH>
        <FILENAME>stb_image.h</FILENAME>
        <LINE>6800</LINE>
        <COLUMN>10</COLUMN>
      </SFA>
      <SFA>
        <FILEPATH>C:\Users\Lost\Documents\SNHU\CS-330\OpenGLSample\OpenGLSample\</FILEPATH>
        <FILENAME>stb_image.h</FILENAME>
        <LINE>6801</LINE>
        <COLUMN>15</COLUMN>
      </SFA>
      <SFA>
        <FILEPATH>C:\Users\Lost\Documents\SNHU\CS-330\OpenGLSample\OpenGLSample\</FILEPATH>
        <FILENAME>stb_image.h</FILENAME>
        <LINE>6805</LINE>
        <COLUMN>8</COLUMN>
      </SFA>
      <SFA>
        <FILEPATH>C:\Users\Lost\Documents\SNHU\CS-330\OpenGLSample\OpenGLSample\</FILEPATH>
        <FILENAME>stb_image.h</FILENAME>
        <LINE>6806</LINE>
        <COLUMN>28</COLUMN>
      </SFA>
      <SFA>
        <FILEPATH>C:\Users\Lost\Documents\SNHU\CS-330\OpenGLSample\OpenGLSample\</FILEPATH>
        <FILENAME>stb_image.h</FILENAME>
        <LINE>6809</LINE>
        <COLUMN>13</COLUMN>
      </SFA>
      <SFA>
        <FILEPATH>C:\Users\Lost\Documents\SNHU\CS-330\OpenGLSample\OpenGLSample\</FILEPATH>
        <FILENAME>stb_image.h</FILENAME>
        <LINE>6771</LINE>
        <COLUMN>5</COLUMN>
      </SFA>
      <SFA>
        <FILEPATH>C:\Users\Lost\Documents\SNHU\CS-330\OpenGLSample\OpenGLSample\</FILEPATH>
        <FILENAME>stb_image.h</FILENAME>
        <LINE>6772</LINE>
        <COLUMN>9</COLUMN>
      </SFA>
      <SFA>
        <FILEPATH>C:\Users\Lost\Documents\SNHU\CS-330\OpenGLSample\OpenGLSample\</FILEPATH>
        <FILENAME>stb_image.h</FILENAME>
        <LINE>6774</LINE>
        <COLUMN>7</COLUMN>
      </SFA>
      <SFA>
        <FILEPATH>C:\Users\Lost\Documents\SNHU\CS-330\OpenGLSample\OpenGLSample\</FILEPATH>
        <FILENAME>stb_image.h</FILENAME>
        <LINE>6775</LINE>
        <COLUMN>7</COLUMN>
      </SFA>
      <SFA>
        <FILEPATH>C:\Users\Lost\Documents\SNHU\CS-330\OpenGLSample\OpenGLSample\</FILEPATH>
        <FILENAME>stb_image.h</FILENAME>
        <LINE>6776</LINE>
        <COLUMN>7</COLUMN>
      </SFA>
      <SFA>
        <FILEPATH>C:\Users\Lost\Documents\SNHU\CS-330\OpenGLSample\OpenGLSample\</FILEPATH>
        <FILENAME>stb_image.h</FILENAME>
        <LINE>6777</LINE>
        <COLUMN>4</COLUMN>
      </SFA>
      <SFA>
        <FILEPATH>C:\Users\Lost\Documents\SNHU\CS-330\OpenGLSample\OpenGLSample\</FILEPATH>
        <FILENAME>stb_image.h</FILENAME>
        <LINE>6778</LINE>
        <COLUMN>11</COLUMN>
      </SFA>
      <SFA>
        <FILEPATH>C:\Users\Lost\Documents\SNHU\CS-330\OpenGLSample\OpenGLSample\</FILEPATH>
        <FILENAME>stb_image.h</FILENAME>
        <LINE>6780</LINE>
        <COLUMN>8</COLUMN>
      </SFA>
      <SFA>
        <FILEPATH>C:\Users\Lost\Documents\SNHU\CS-330\OpenGLSample\OpenGLSample\</FILEPATH>
        <FILENAME>stb_image.h</FILENAME>
        <LINE>6781</LINE>
        <COLUMN>10</COLUMN>
      </SFA>
      <SFA>
        <FILEPATH>C:\Users\Lost\Documents\SNHU\CS-330\OpenGLSample\OpenGLSample\</FILEPATH>
        <FILENAME>stb_image.h</FILENAME>
        <LINE>6782</LINE>
        <COLUMN>14</COLUMN>
      </SFA>
      <SFA>
        <FILEPATH>C:\Users\Lost\Documents\SNHU\CS-330\OpenGLSample\OpenGLSample\</FILEPATH>
        <FILENAME>stb_image.h</FILENAME>
        <LINE>6789</LINE>
        <COLUMN>10</COLUMN>
      </SFA>
      <SFA>
        <FILEPATH>C:\Users\Lost\Documents\SNHU\CS-330\OpenGLSample\OpenGLSample\</FILEPATH>
        <FILENAME>stb_image.h</FILENAME>
        <LINE>6790</LINE>
        <COLUMN>9</COLUMN>
      </SFA>
      <SFA>
        <FILEPATH>C:\Users\Lost\Documents\SNHU\CS-330\OpenGLSample\OpenGLSample\</FILEPATH>
        <FILENAME>stb_image.h</FILENAME>
        <LINE>6791</LINE>
        <COLUMN>14</COLUMN>
        <KEYEVENT>
          <ID>1</ID>
          <KIND>declaration</KIND>
          <IMPORTANCE>Essential</IMPORTANCE>
          <MESSAGE>'*delays' may be NULL</MESSAGE>
        </KEYEVENT>
      </SFA>
      <SFA>
        <FILEPATH>C:\Users\Lost\Documents\SNHU\CS-330\OpenGLSample\OpenGLSample\</FILEPATH>
        <FILENAME>stb_image.h</FILENAME>
        <LINE>6800</LINE>
        <COLUMN>10</COLUMN>
      </SFA>
      <SFA>
        <FILEPATH>C:\Users\Lost\Documents\SNHU\CS-330\OpenGLSample\OpenGLSample\</FILEPATH>
        <FILENAME>stb_image.h</FILENAME>
        <LINE>6801</LINE>
        <COLUMN>15</COLUMN>
        <KEYEVENT>
          <ID>2</ID>
          <KIND>branch</KIND>
          <IMPORTANCE>Full</IMPORTANCE>
          <MESSAGE>Enter this branch, (assume 'layers&gt;=2')</MESSAGE>
        </KEYEVENT>
      </SFA>
      <SFA>
        <FILEPATH>C:\Users\Lost\Documents\SNHU\CS-330\OpenGLSample\OpenGLSample\</FILEPATH>
        <FILENAME>stb_image.h</FILENAME>
        <LINE>6802</LINE>
        <COLUMN>14</COLUMN>
      </SFA>
      <SFA>
        <FILEPATH>C:\Users\Lost\Documents\SNHU\CS-330\OpenGLSample\OpenGLSample\</FILEPATH>
        <FILENAME>stb_image.h</FILENAME>
        <LINE>6805</LINE>
        <COLUMN>8</COLUMN>
        <KEYEVENT>
          <ID>3</ID>
          <KIND>branch</KIND>
          <IMPORTANCE>Full</IMPORTANCE>
          <MESSAGE>Enter this branch, (assume 'delays')</MESSAGE>
        </KEYEVENT>
      </SFA>
      <SFA>
        <FILEPATH>C:\Users\Lost\Documents\SNHU\CS-330\OpenGLSample\OpenGLSample\</FILEPATH>
        <FILENAME>stb_image.h</FILENAME>
        <LINE>6806</LINE>
        <COLUMN>28</COLUMN>
        <KEYEVENT>
          <ID>4</ID>
          <KIND>usage</KIND>
          <IMPORTANCE>Essential</IMPORTANCE>
          <MESSAGE>'*delays' is dereferenced, but may still be NULL</MESSAGE>
        </KEYEVENT>
      </SFA>
    </PATH>
  </DEFECT><DEFECT>
    <SFA>
      <FILEPATH>C:\Users\Lost\Documents\SNHU\CS-330\OpenGLSample\OpenGLSample\</FILEPATH>
      <FILENAME>stb_image.h</FILENAME>
      <LINE>6828</LINE>
      <COLUMN>13</COLUMN>
    </SFA>
    <DEFECTCODE>6262</DEFECTCODE>
    <DESCRIPTION>Function uses '34932' bytes of stack:  exceeds /analyze:stacksize '16384'.  Consider moving some data to heap.</DESCRIPTION>
    <FUNCTION>stbi__gif_load</FUNCTION>
    <DECORATED>?stbi__gif_load@@YAPAXPAUstbi__context@@PAH11HPAUstbi__result_info@@@Z</DECORATED>
    <FUNCLINE>6828</FUNCLINE>
    <PATH></PATH>
  </DEFECT><DEFECT>
    <SFA>
      <FILEPATH>C:\Users\Lost\Documents\SNHU\CS-330\OpenGLSample\OpenGLSample\</FILEPATH>
      <FILENAME>camera.h</FILENAME>
      <LINE>72</LINE>
      <COLUMN>6</COLUMN>
    </SFA>
    <DEFECTCODE>26812</DEFECTCODE>
    <DESCRIPTION>The enum type 'Camera_Movement' is unscoped. Prefer 'enum class' over 'enum' (Enum.3).</DESCRIPTION>
    <FUNCTION>Camera::ProcessKeyboard</FUNCTION>
    <DECORATED>?ProcessKeyboard@Camera@@QAEXW4Camera_Movement@@M@Z</DECORATED>
    <FUNCLINE>72</FUNCLINE>
    <PATH></PATH>
  </DEFECT><DEFECT>
    <SFA>
      <FILEPATH>C:\Users\Lost\Documents\SNHU\CS-330\OpenGLSample\OpenGLSample\</FILEPATH>
      <FILENAME>Source.cpp</FILENAME>
      <LINE>861</LINE>
      <COLUMN>33</COLUMN>
    </SFA>
    <DEFECTCODE>6001</DEFECTCODE>
    <DESCRIPTION>Using uninitialized memory 'format'.</DESCRIPTION>
    <FUNCTION>loadTexture</FUNCTION>
    <DECORATED>?loadTexture@@YAIPBD@Z</DECORATED>
    <FUNCLINE>843</FUNCLINE>
    <PROBABILITY>1</PROBABILITY>
    <RANK>3</RANK>
    <CATEGORY>
      <RULECATEGORY>mspft</RULECATEGORY>
    </CATEGORY>
    <PATH>
      <SFA>
        <FILEPATH>C:\Users\Lost\Documents\SNHU\CS-330\OpenGLSample\OpenGLSample\</FILEPATH>
        <FILENAME>Source.cpp</FILENAME>
        <LINE>845</LINE>
        <COLUMN>14</COLUMN>
      </SFA>
      <SFA>
        <FILEPATH>C:\Users\Lost\Documents\SNHU\CS-330\OpenGLSample\OpenGLSample\</FILEPATH>
        <FILENAME>Source.cpp</FILENAME>
        <LINE>846</LINE>
        <COLUMN>14</COLUMN>
      </SFA>
      <SFA>
        <FILEPATH>C:\Users\Lost\Documents\SNHU\CS-330\OpenGLSample\OpenGLSample\</FILEPATH>
        <FILENAME>Source.cpp</FILENAME>
        <LINE>848</LINE>
        <COLUMN>5</COLUMN>
      </SFA>
      <SFA>
        <FILEPATH>C:\Users\Lost\Documents\SNHU\CS-330\OpenGLSample\OpenGLSample\</FILEPATH>
        <FILENAME>Source.cpp</FILENAME>
        <LINE>848</LINE>
        <COLUMN>12</COLUMN>
      </SFA>
      <SFA>
        <FILEPATH>C:\Users\Lost\Documents\SNHU\CS-330\OpenGLSample\OpenGLSample\</FILEPATH>
        <FILENAME>Source.cpp</FILENAME>
        <LINE>848</LINE>
        <COLUMN>20</COLUMN>
      </SFA>
      <SFA>
        <FILEPATH>C:\Users\Lost\Documents\SNHU\CS-330\OpenGLSample\OpenGLSample\</FILEPATH>
        <FILENAME>Source.cpp</FILENAME>
        <LINE>849</LINE>
        <COLUMN>14</COLUMN>
      </SFA>
      <SFA>
        <FILEPATH>C:\Users\Lost\Documents\SNHU\CS-330\OpenGLSample\OpenGLSample\</FILEPATH>
        <FILENAME>Source.cpp</FILENAME>
        <LINE>850</LINE>
        <COLUMN>5</COLUMN>
      </SFA>
      <SFA>
        <FILEPATH>C:\Users\Lost\Documents\SNHU\CS-330\OpenGLSample\OpenGLSample\</FILEPATH>
        <FILENAME>Source.cpp</FILENAME>
        <LINE>852</LINE>
        <COLUMN>9</COLUMN>
        <KEYEVENT>
          <ID>1</ID>
          <KIND>declaration</KIND>
          <IMPORTANCE>Essential</IMPORTANCE>
          <MESSAGE>'format' is not initialized</MESSAGE>
        </KEYEVENT>
      </SFA>
      <SFA>
        <FILEPATH>C:\Users\Lost\Documents\SNHU\CS-330\OpenGLSample\OpenGLSample\</FILEPATH>
        <FILENAME>Source.cpp</FILENAME>
        <LINE>853</LINE>
        <COLUMN>19</COLUMN>
        <KEYEVENT>
          <ID>2</ID>
          <KIND>branch</KIND>
          <IMPORTANCE>Full</IMPORTANCE>
          <MESSAGE>Skip this branch, (assume 'nrComponents==1' is false)</MESSAGE>
        </KEYEVENT>
      </SFA>
      <SFA>
        <FILEPATH>C:\Users\Lost\Documents\SNHU\CS-330\OpenGLSample\OpenGLSample\</FILEPATH>
        <FILENAME>Source.cpp</FILENAME>
        <LINE>855</LINE>
        <COLUMN>24</COLUMN>
        <KEYEVENT>
          <ID>3</ID>
          <KIND>branch</KIND>
          <IMPORTANCE>Full</IMPORTANCE>
          <MESSAGE>Skip this branch, (assume 'nrComponents==3' is false)</MESSAGE>
        </KEYEVENT>
      </SFA>
      <SFA>
        <FILEPATH>C:\Users\Lost\Documents\SNHU\CS-330\OpenGLSample\OpenGLSample\</FILEPATH>
        <FILENAME>Source.cpp</FILENAME>
        <LINE>857</LINE>
        <COLUMN>24</COLUMN>
        <KEYEVENT>
          <ID>4</ID>
          <KIND>branch</KIND>
          <IMPORTANCE>Full</IMPORTANCE>
          <MESSAGE>Skip this branch, (assume 'nrComponents==4' is false)</MESSAGE>
        </KEYEVENT>
      </SFA>
      <SFA>
        <FILEPATH>C:\Users\Lost\Documents\SNHU\CS-330\OpenGLSample\OpenGLSample\</FILEPATH>
        <FILENAME>Source.cpp</FILENAME>
        <LINE>860</LINE>
        <COLUMN>15</COLUMN>
      </SFA>
      <SFA>
        <FILEPATH>C:\Users\Lost\Documents\SNHU\CS-330\OpenGLSample\OpenGLSample\</FILEPATH>
        <FILENAME>Source.cpp</FILENAME>
        <LINE>861</LINE>
        <COLUMN>14</COLUMN>
      </SFA>
      <SFA>
        <FILEPATH>C:\Users\Lost\Documents\SNHU\CS-330\OpenGLSample\OpenGLSample\</FILEPATH>
        <FILENAME>Source.cpp</FILENAME>
        <LINE>862</LINE>
        <COLUMN>18</COLUMN>
      </SFA>
      <SFA>
        <FILEPATH>C:\Users\Lost\Documents\SNHU\CS-330\OpenGLSample\OpenGLSample\</FILEPATH>
        <FILENAME>Source.cpp</FILENAME>
        <LINE>864</LINE>
        <COLUMN>17</COLUMN>
      </SFA>
      <SFA>
        <FILEPATH>C:\Users\Lost\Documents\SNHU\CS-330\OpenGLSample\OpenGLSample\</FILEPATH>
        <FILENAME>Source.cpp</FILENAME>
        <LINE>865</LINE>
        <COLUMN>17</COLUMN>
      </SFA>
      <SFA>
        <FILEPATH>C:\Users\Lost\Documents\SNHU\CS-330\OpenGLSample\OpenGLSample\</FILEPATH>
        <FILENAME>Source.cpp</FILENAME>
        <LINE>866</LINE>
        <COLUMN>17</COLUMN>
      </SFA>
      <SFA>
        <FILEPATH>C:\Users\Lost\Documents\SNHU\CS-330\OpenGLSample\OpenGLSample\</FILEPATH>
        <FILENAME>Source.cpp</FILENAME>
        <LINE>867</LINE>
        <COLUMN>17</COLUMN>
      </SFA>
      <SFA>
        <FILEPATH>C:\Users\Lost\Documents\SNHU\CS-330\OpenGLSample\OpenGLSample\</FILEPATH>
        <FILENAME>Source.cpp</FILENAME>
        <LINE>869</LINE>
        <COLUMN>17</COLUMN>
      </SFA>
      <SFA>
        <FILEPATH>C:\Users\Lost\Documents\SNHU\CS-330\OpenGLSample\OpenGLSample\</FILEPATH>
        <FILENAME>Source.cpp</FILENAME>
        <LINE>861</LINE>
        <COLUMN>33</COLUMN>
        <KEYEVENT>
          <ID>5</ID>
          <KIND>usage</KIND>
          <IMPORTANCE>Essential</IMPORTANCE>
          <MESSAGE>'format' is used, but may not have been initialized</MESSAGE>
        </KEYEVENT>
      </SFA>
    </PATH>
  </DEFECT></DEFECTS>